{
    "$schema": "https://developer.microsoft.com/json-schemas/core-build/serve.schema.json",
    "port": 4321,
    "https": true,
    "serveConfigurations": {
        "default": {
            "pageUrl": "https://techscorpion.sharepoint.com/sites/spfx",
            "customActions": {
                "b13ec042-1066-4572-b79b-48ef3da6b00a": {
                    "location": "ClientSideExtension.ApplicationCustomizer",
                    "properties": {
                        "testMessage": "Test message"
                    }
                }
            }
        },
        "spfxQnA": {
            "pageUrl": "https://techscorpion.sharepoint.com/sites/spfx",
            "customActions": {
                "b13ec042-1066-4572-b79b-48ef3da6b00a": {
                    "location": "ClientSideExtension.ApplicationCustomizer",
                    "properties": {
                        "testMessage": "Test message"
                    }
                }
            }
        }
    }
}