[{"id":"f97266fb-ccb7-430e-9384-4124d05295d3","alias":"Decorators","componentType":"Library","version":"1.11.0","manifestVersion":2,"loaderConfig":{"entryModuleId":"decorators","internalModuleBaseUrls":["https://localhost:4321/node_modules/@microsoft/decorators/"],"scriptResources":{"decorators":{"type":"path","path":"dist/decorators.js"}}},"isInternal":true},{"id":"73e1dc6c-8441-42cc-ad47-4bd3659f8a3a","alias":"SPLodashSubset","componentType":"Library","version":"1.11.0","manifestVersion":2,"loaderConfig":{"entryModuleId":"sp-lodash-subset","internalModuleBaseUrls":["https://localhost:4321/node_modules/@microsoft/sp-lodash-subset/"],"scriptResources":{"sp-lodash-subset":{"type":"path","path":"dist/sp-lodash-subset.js"}}},"isInternal":true},{"id":"7263c7d0-1d6a-45ec-8d85-d4d1d234171b","alias":"SPCoreLibrary","componentType":"Library","version":"1.11.0","manifestVersion":2,"loaderConfig":{"entryModuleId":"sp-core-library","internalModuleBaseUrls":["https://localhost:4321/node_modules/@microsoft/sp-core-library/"],"scriptResources":{"sp-core-library":{"type":"localizedPath","defaultPath":"dist/sp-core-library_en-us.js"},"@microsoft/sp-lodash-subset":{"type":"component","version":"1.11.0","id":"73e1dc6c-8441-42cc-ad47-4bd3659f8a3a"}}},"isInternal":true},{"manifestVersion":2,"id":"78359e4b-07c2-43c6-8d0b-d060b4d577e8","alias":"SPDiagnostics","componentType":"Library","version":"1.11.0","loaderConfig":{"entryModuleId":"sp-diagnostics","internalModuleBaseUrls":["https://localhost:4321/node_modules/@microsoft/sp-diagnostics/"],"scriptResources":{"sp-diagnostics":{"type":"path","path":"dist/sp-diagnostics.js"},"@microsoft/sp-lodash-subset":{"type":"component","version":"1.11.0","id":"73e1dc6c-8441-42cc-ad47-4bd3659f8a3a"},"@microsoft/sp-core-library":{"type":"component","version":"1.11.0","id":"7263c7d0-1d6a-45ec-8d85-d4d1d234171b"}}},"isInternal":true},{"manifestVersion":2,"id":"e40f8203-b39d-425a-a957-714852e33b79","alias":"SPDynamicData","componentType":"Library","version":"1.11.0","loaderConfig":{"entryModuleId":"sp-dynamic-data","internalModuleBaseUrls":["https://localhost:4321/node_modules/@microsoft/sp-dynamic-data/"],"scriptResources":{"sp-dynamic-data":{"type":"localizedPath","defaultPath":"dist/sp-dynamic-data_en-us.js"},"@microsoft/sp-lodash-subset":{"type":"component","version":"1.11.0","id":"73e1dc6c-8441-42cc-ad47-4bd3659f8a3a"},"@microsoft/sp-core-library":{"type":"component","version":"1.11.0","id":"7263c7d0-1d6a-45ec-8d85-d4d1d234171b"},"@microsoft/sp-diagnostics":{"type":"component","version":"1.11.0","id":"78359e4b-07c2-43c6-8d0b-d060b4d577e8"}}},"isInternal":true},{"id":"1e384972-6346-49b4-93c7-b2e6763938e6","alias":"sp-polyfills","componentType":"Library","version":"1.11.0","manifestVersion":2,"loaderConfig":{"entryModuleId":"sp-polyfills","internalModuleBaseUrls":["https://localhost:4321/node_modules/@microsoft/sp-polyfills/"],"scriptResources":{"sp-polyfills":{"type":"path","path":"dist/sp-polyfills.js"}}}},{"id":"c07208f0-ea3b-4c1a-9965-ac1b825211a6","alias":"SPHttp","componentType":"Library","version":"1.11.0","manifestVersion":2,"preloadComponents":[],"loaderConfig":{"entryModuleId":"sp-http","internalModuleBaseUrls":["https://localhost:4321/node_modules/@microsoft/sp-http/"],"scriptResources":{"sp-http":{"type":"localizedPath","defaultPath":"dist/sp-http_en-us.js"},"@microsoft/sp-core-library":{"type":"component","version":"1.11.0","id":"7263c7d0-1d6a-45ec-8d85-d4d1d234171b"},"@microsoft/sp-diagnostics":{"type":"component","version":"1.11.0","id":"78359e4b-07c2-43c6-8d0b-d060b4d577e8"}}},"isInternal":true},{"id":"02a01e42-69ab-403d-8a16-acd128661f8e","alias":"OfficeUIFabricReact","componentType":"Library","version":"1.11.0","manifestVersion":2,"loaderConfig":{"entryModuleId":"office-ui-fabric-react-bundle","internalModuleBaseUrls":["https://localhost:4321/node_modules/@microsoft/office-ui-fabric-react-bundle/"],"scriptResources":{"office-ui-fabric-react-bundle":{"type":"path","path":"dist/office-ui-fabric-react-bundle.js"},"react":{"type":"component","version":"16.8.5","id":"0d910c1c-13b9-4e1c-9aa4-b008c5e42d7d","failoverPath":"node_modules/react/dist/react.js"},"react-dom":{"type":"component","version":"16.8.5","id":"aa0a46ec-1505-43cd-a44a-93f3a5aa460a","failoverPath":"node_modules/react-dom/dist/react-dom.js"},"@ms/uifabric-styling-bundle":{"type":"component","version":"0.1.0","id":"17ce0976-e69a-4355-be84-89b69a74717d"},"@microsoft/load-themed-styles":{"type":"component","version":"0.1.2","id":"229b8d08-79f3-438b-8c21-4613fc877abd"}}},"isInternal":true},{"id":"1c4541f7-5c31-41aa-9fa8-fbc9dc14c0a8","alias":"SPPageContext","componentType":"Library","version":"1.11.0","manifestVersion":2,"loaderConfig":{"entryModuleId":"sp-page-context","internalModuleBaseUrls":["https://localhost:4321/node_modules/@microsoft/sp-page-context/"],"scriptResources":{"sp-page-context":{"type":"localizedPath","defaultPath":"dist/sp-page-context_en-us.js"},"@microsoft/sp-dynamic-data":{"type":"component","version":"1.11.0","id":"e40f8203-b39d-425a-a957-714852e33b79"},"@microsoft/sp-core-library":{"type":"component","version":"1.11.0","id":"7263c7d0-1d6a-45ec-8d85-d4d1d234171b"},"@microsoft/sp-diagnostics":{"type":"component","version":"1.11.0","id":"78359e4b-07c2-43c6-8d0b-d060b4d577e8"}}},"isInternal":true},{"id":"1c6c9123-7aac-41f3-a376-3caea41ed83f","alias":"SPLoader","componentType":"Library","version":"1.11.0","manifestVersion":2,"loaderConfig":{"entryModuleId":"sp-loader","internalModuleBaseUrls":["https://localhost:4321/node_modules/@microsoft/sp-loader/"],"scriptResources":{"sp-loader":{"type":"localizedPath","defaultPath":"dist/sp-loader_en-us.js"},"@ms/sp-telemetry":{"type":"component","version":"0.8.24","id":"8217e442-8ed3-41fd-957d-b112e841286a"},"@microsoft/sp-dynamic-data":{"type":"component","version":"1.11.0","id":"e40f8203-b39d-425a-a957-714852e33b79"},"@microsoft/sp-lodash-subset":{"type":"component","version":"1.11.0","id":"73e1dc6c-8441-42cc-ad47-4bd3659f8a3a"},"@microsoft/sp-core-library":{"type":"component","version":"1.11.0","id":"7263c7d0-1d6a-45ec-8d85-d4d1d234171b"},"@microsoft/sp-page-context":{"type":"component","version":"1.11.0","id":"1c4541f7-5c31-41aa-9fa8-fbc9dc14c0a8"},"@microsoft/load-themed-styles":{"type":"component","version":"0.1.2","id":"229b8d08-79f3-438b-8c21-4613fc877abd"},"@microsoft/sp-diagnostics":{"type":"component","version":"1.11.0","id":"78359e4b-07c2-43c6-8d0b-d060b4d577e8"},"@microsoft/sp-http":{"type":"component","version":"1.11.0","id":"c07208f0-ea3b-4c1a-9965-ac1b825211a6"}}},"isInternal":true},{"id":"467dc675-7cc5-4709-8aac-78e3b71bd2f6","alias":"SPComponentBase","componentType":"Library","version":"1.11.0","manifestVersion":2,"loaderConfig":{"entryModuleId":"sp-component-base","internalModuleBaseUrls":["https://localhost:4321/node_modules/@microsoft/sp-component-base/"],"scriptResources":{"sp-component-base":{"type":"localizedPath","defaultPath":"dist/sp-component-base_en-us.js"},"@microsoft/sp-dynamic-data":{"type":"component","version":"1.11.0","id":"e40f8203-b39d-425a-a957-714852e33b79"},"@microsoft/sp-lodash-subset":{"type":"component","version":"1.11.0","id":"73e1dc6c-8441-42cc-ad47-4bd3659f8a3a"},"@microsoft/sp-core-library":{"type":"component","version":"1.11.0","id":"7263c7d0-1d6a-45ec-8d85-d4d1d234171b"},"@microsoft/sp-page-context":{"type":"component","version":"1.11.0","id":"1c4541f7-5c31-41aa-9fa8-fbc9dc14c0a8"},"@microsoft/load-themed-styles":{"type":"component","version":"0.1.2","id":"229b8d08-79f3-438b-8c21-4613fc877abd"},"@microsoft/sp-diagnostics":{"type":"component","version":"1.11.0","id":"78359e4b-07c2-43c6-8d0b-d060b4d577e8"},"@microsoft/sp-http":{"type":"component","version":"1.11.0","id":"c07208f0-ea3b-4c1a-9965-ac1b825211a6"},"@microsoft/decorators":{"type":"component","version":"1.11.0","id":"f97266fb-ccb7-430e-9384-4124d05295d3"}}},"isInternal":true},{"id":"0773bd53-a69e-4293-87e6-ba80ea4d614b","alias":"SPExtensionBase","componentType":"Library","version":"1.11.0","manifestVersion":2,"loaderConfig":{"entryModuleId":"sp-extension-base","internalModuleBaseUrls":["https://localhost:4321/node_modules/@microsoft/sp-extension-base/"],"scriptResources":{"sp-extension-base":{"type":"localizedPath","defaultPath":"dist/sp-extension-base_en-us.js"},"@ms/sp-telemetry":{"type":"component","version":"0.8.24","id":"8217e442-8ed3-41fd-957d-b112e841286a"},"@microsoft/sp-component-base":{"type":"component","version":"1.11.0","id":"467dc675-7cc5-4709-8aac-78e3b71bd2f6"},"@microsoft/sp-loader":{"type":"component","version":"1.11.0","id":"1c6c9123-7aac-41f3-a376-3caea41ed83f"},"@microsoft/sp-core-library":{"type":"component","version":"1.11.0","id":"7263c7d0-1d6a-45ec-8d85-d4d1d234171b"},"@microsoft/sp-diagnostics":{"type":"component","version":"1.11.0","id":"78359e4b-07c2-43c6-8d0b-d060b4d577e8"},"@microsoft/decorators":{"type":"component","version":"1.11.0","id":"f97266fb-ccb7-430e-9384-4124d05295d3"}}},"isInternal":true},{"manifestVersion":2,"id":"4958ea79-6ff3-4480-8291-0932dd010869","alias":"SPSearchExtensibility","componentType":"Library","version":"1.11.0","loaderConfig":{"entryModuleId":"sp-search-extensibility","internalModuleBaseUrls":["https://localhost:4321/node_modules/@microsoft/sp-search-extensibility/"],"scriptResources":{"sp-search-extensibility":{"type":"path","path":"dist/sp-search-extensibility.js"},"@microsoft/sp-core-library":{"type":"component","version":"1.11.0","id":"7263c7d0-1d6a-45ec-8d85-d4d1d234171b"},"@microsoft/sp-extension-base":{"type":"component","version":"1.11.0","id":"0773bd53-a69e-4293-87e6-ba80ea4d614b"},"@microsoft/sp-diagnostics":{"type":"component","version":"1.11.0","id":"78359e4b-07c2-43c6-8d0b-d060b4d577e8"}}},"isInternal":true},{"id":"4df9bb86-ab0a-4aab-ab5f-48bf167048fb","alias":"SPApplicationBase","componentType":"Library","version":"1.11.0","manifestVersion":2,"preloadComponents":["c0c518b8-701b-4f6f-956d-5782772bb731","4958ea79-6ff3-4480-8291-0932dd010869"],"loaderConfig":{"entryModuleId":"sp-application-base","internalModuleBaseUrls":["https://localhost:4321/node_modules/@microsoft/sp-application-base/"],"scriptResources":{"sp-application-base":{"type":"localizedPath","defaultPath":"dist/sp-application-base_en-us.js"},"@ms/sp-telemetry":{"type":"component","version":"0.8.24","id":"8217e442-8ed3-41fd-957d-b112e841286a"},"@ms/sp-load-themed-styles":{"type":"component","version":"0.1.2","id":"229b8d08-79f3-438b-8c21-4613fc877abd"},"@ms/sp-suite-nav":{"type":"component","version":"0.1.0","id":"f8a8ad94-4cf3-4a19-a76b-1cec9da00219"},"@microsoft/sp-component-base":{"type":"component","version":"1.11.0","id":"467dc675-7cc5-4709-8aac-78e3b71bd2f6"},"@microsoft/sp-loader":{"type":"component","version":"1.11.0","id":"1c6c9123-7aac-41f3-a376-3caea41ed83f"},"@microsoft/sp-lodash-subset":{"type":"component","version":"1.11.0","id":"73e1dc6c-8441-42cc-ad47-4bd3659f8a3a"},"@microsoft/sp-core-library":{"type":"component","version":"1.11.0","id":"7263c7d0-1d6a-45ec-8d85-d4d1d234171b"},"@microsoft/sp-page-context":{"type":"component","version":"1.11.0","id":"1c4541f7-5c31-41aa-9fa8-fbc9dc14c0a8"},"@microsoft/sp-extension-base":{"type":"component","version":"1.11.0","id":"0773bd53-a69e-4293-87e6-ba80ea4d614b"},"react":{"type":"component","version":"16.8.5","id":"0d910c1c-13b9-4e1c-9aa4-b008c5e42d7d","failoverPath":"node_modules/react/dist/react.js"},"react-dom":{"type":"component","version":"16.8.5","id":"aa0a46ec-1505-43cd-a44a-93f3a5aa460a","failoverPath":"node_modules/react-dom/dist/react-dom.js"},"@ms/uifabric-styling-bundle":{"type":"component","version":"0.1.0","id":"17ce0976-e69a-4355-be84-89b69a74717d"},"@microsoft/load-themed-styles":{"type":"component","version":"0.1.2","id":"229b8d08-79f3-438b-8c21-4613fc877abd"},"@microsoft/sp-diagnostics":{"type":"component","version":"1.11.0","id":"78359e4b-07c2-43c6-8d0b-d060b4d577e8"},"@microsoft/sp-http":{"type":"component","version":"1.11.0","id":"c07208f0-ea3b-4c1a-9965-ac1b825211a6"},"@microsoft/decorators":{"type":"component","version":"1.11.0","id":"f97266fb-ccb7-430e-9384-4124d05295d3"},"@ms/odsp-utilities-bundle":{"type":"component","version":"5.1.55","id":"cc2cc925-b5be-41bb-880a-f0f8030c6aff"}}},"isInternal":true},{"id":"f9e737b7-f0df-4597-ba8c-3060f82380db","alias":"SPPropertyPane","componentType":"Library","version":"1.11.0","manifestVersion":2,"loaderConfig":{"entryModuleId":"sp-property-pane","internalModuleBaseUrls":["https://localhost:4321/node_modules/@microsoft/sp-property-pane/"],"scriptResources":{"sp-property-pane":{"type":"localizedPath","defaultPath":"dist/sp-property-pane_en-us.js"},"@microsoft/sp-component-base":{"type":"component","version":"1.11.0","id":"467dc675-7cc5-4709-8aac-78e3b71bd2f6"},"@microsoft/office-ui-fabric-react-bundle":{"type":"component","version":"1.11.0","id":"02a01e42-69ab-403d-8a16-acd128661f8e"},"@microsoft/sp-lodash-subset":{"type":"component","version":"1.11.0","id":"73e1dc6c-8441-42cc-ad47-4bd3659f8a3a"},"@microsoft/sp-core-library":{"type":"component","version":"1.11.0","id":"7263c7d0-1d6a-45ec-8d85-d4d1d234171b"},"react":{"type":"component","version":"16.8.5","id":"0d910c1c-13b9-4e1c-9aa4-b008c5e42d7d","failoverPath":"node_modules/react/dist/react.js"},"react-dom":{"type":"component","version":"16.8.5","id":"aa0a46ec-1505-43cd-a44a-93f3a5aa460a","failoverPath":"node_modules/react-dom/dist/react-dom.js"},"@ms/uifabric-styling-bundle":{"type":"component","version":"0.1.0","id":"17ce0976-e69a-4355-be84-89b69a74717d"},"@microsoft/load-themed-styles":{"type":"component","version":"0.1.2","id":"229b8d08-79f3-438b-8c21-4613fc877abd"},"@microsoft/sp-diagnostics":{"type":"component","version":"1.11.0","id":"78359e4b-07c2-43c6-8d0b-d060b4d577e8"},"@microsoft/decorators":{"type":"component","version":"1.11.0","id":"f97266fb-ccb7-430e-9384-4124d05295d3"}}},"isInternal":true},{"id":"974a7777-0990-4136-8fa6-95d80114c2e0","alias":"SPWebPartBase","componentType":"Library","version":"1.11.0","manifestVersion":2,"preloadComponents":["f9e737b7-f0df-4597-ba8c-3060f82380db"],"loaderConfig":{"entryModuleId":"sp-webpart-base","internalModuleBaseUrls":["https://localhost:4321/node_modules/@microsoft/sp-webpart-base/"],"scriptResources":{"sp-webpart-base":{"type":"localizedPath","defaultPath":"dist/sp-webpart-base_en-us.js"},"@ms/sp-telemetry":{"type":"component","version":"0.8.24","id":"8217e442-8ed3-41fd-957d-b112e841286a"},"@ms/sp-load-themed-styles":{"type":"component","version":"0.1.2","id":"229b8d08-79f3-438b-8c21-4613fc877abd"},"@microsoft/sp-component-base":{"type":"component","version":"1.11.0","id":"467dc675-7cc5-4709-8aac-78e3b71bd2f6"},"@microsoft/sp-loader":{"type":"component","version":"1.11.0","id":"1c6c9123-7aac-41f3-a376-3caea41ed83f"},"@microsoft/sp-lodash-subset":{"type":"component","version":"1.11.0","id":"73e1dc6c-8441-42cc-ad47-4bd3659f8a3a"},"@microsoft/sp-core-library":{"type":"component","version":"1.11.0","id":"7263c7d0-1d6a-45ec-8d85-d4d1d234171b"},"@microsoft/sp-page-context":{"type":"component","version":"1.11.0","id":"1c4541f7-5c31-41aa-9fa8-fbc9dc14c0a8"},"@microsoft/load-themed-styles":{"type":"component","version":"0.1.2","id":"229b8d08-79f3-438b-8c21-4613fc877abd"},"@microsoft/sp-diagnostics":{"type":"component","version":"1.11.0","id":"78359e4b-07c2-43c6-8d0b-d060b4d577e8"},"@microsoft/sp-http":{"type":"component","version":"1.11.0","id":"c07208f0-ea3b-4c1a-9965-ac1b825211a6"},"@microsoft/decorators":{"type":"component","version":"1.11.0","id":"f97266fb-ccb7-430e-9384-4124d05295d3"}}},"isInternal":true},{"id":"c0c518b8-701b-4f6f-956d-5782772bb731","alias":"SPDialog","componentType":"Library","version":"1.11.0","manifestVersion":2,"loaderConfig":{"entryModuleId":"sp-dialog","internalModuleBaseUrls":["https://localhost:4321/node_modules/@microsoft/sp-dialog/"],"scriptResources":{"sp-dialog":{"type":"path","path":"dist/sp-dialog.js"},"@microsoft/sp-application-base":{"type":"component","version":"1.11.0","id":"4df9bb86-ab0a-4aab-ab5f-48bf167048fb"},"@microsoft/office-ui-fabric-react-bundle":{"type":"component","version":"1.11.0","id":"02a01e42-69ab-403d-8a16-acd128661f8e"},"@microsoft/sp-core-library":{"type":"component","version":"1.11.0","id":"7263c7d0-1d6a-45ec-8d85-d4d1d234171b"},"react":{"type":"component","version":"16.8.5","id":"0d910c1c-13b9-4e1c-9aa4-b008c5e42d7d","failoverPath":"node_modules/react/dist/react.js"},"react-dom":{"type":"component","version":"16.8.5","id":"aa0a46ec-1505-43cd-a44a-93f3a5aa460a","failoverPath":"node_modules/react-dom/dist/react-dom.js"},"@microsoft/load-themed-styles":{"type":"component","version":"0.1.2","id":"229b8d08-79f3-438b-8c21-4613fc877abd"},"@microsoft/sp-diagnostics":{"type":"component","version":"1.11.0","id":"78359e4b-07c2-43c6-8d0b-d060b4d577e8"},"@microsoft/decorators":{"type":"component","version":"1.11.0","id":"f97266fb-ccb7-430e-9384-4124d05295d3"}}},"isInternal":true},{"id":"b13ec042-1066-4572-b79b-48ef3da6b00a","alias":"SpfxQnAApplicationCustomizer","componentType":"Extension","extensionType":"ApplicationCustomizer","version":"0.0.1","manifestVersion":2,"requiresCustomScript":false,"loaderConfig":{"entryModuleId":"spfx-qn-a-application-customizer","internalModuleBaseUrls":["https://localhost:4321/"],"scriptResources":{"spfx-qn-a-application-customizer":{"type":"path","path":"dist/spfx-qn-a-application-customizer.js"},"SpfxQnAApplicationCustomizerStrings":{"defaultPath":"lib/extensions/spfxQnA/loc/en-us.js","type":"localizedPath"},"@microsoft/sp-dialog":{"type":"component","version":"1.11.0","id":"c0c518b8-701b-4f6f-956d-5782772bb731"},"@microsoft/sp-application-base":{"type":"component","version":"1.11.0","id":"4df9bb86-ab0a-4aab-ab5f-48bf167048fb"},"@microsoft/sp-core-library":{"type":"component","version":"1.11.0","id":"7263c7d0-1d6a-45ec-8d85-d4d1d234171b"},"react":{"type":"component","version":"16.8.5","id":"0d910c1c-13b9-4e1c-9aa4-b008c5e42d7d","failoverPath":"node_modules/react/dist/react.js"},"react-dom":{"type":"component","version":"16.8.5","id":"aa0a46ec-1505-43cd-a44a-93f3a5aa460a","failoverPath":"node_modules/react-dom/dist/react-dom.js"},"@microsoft/sp-http":{"type":"component","version":"1.11.0","id":"c07208f0-ea3b-4c1a-9965-ac1b825211a6"},"@microsoft/decorators":{"type":"component","version":"1.11.0","id":"f97266fb-ccb7-430e-9384-4124d05295d3"}}}}]